id,login,type
CSV1,quam,Local
CSV2,consectetueripsum,Local
CSV3,consequat,Local
CSV4,sed,Local
CSV5,etrutrumeu,Local
CSV6,Aeneanegestashendrerit,Local
CSV7,etpede,Local
CSV8,eunibhvulputate,Local
CSV9,Nullaaliquet,Local
CSV10,Nunclectuspede,Local
CSV11,ipsum,Local
CSV12,Seddiam,Local
CSV13,ornaretortor,Local
CSV14,nequevitaesemper,Local
CSV15,Aeneansed,Local
CSV16,nequetellus,Local
CSV17,turpisegestasAliquam,Local
CSV18,egettinciduntdui,Local
CSV19,etipsum,Local
CSV20,Phasellus,Local
CSV21,Sednullaante,Local
CSV22,lacusQuisque,Local
CSV23,felisegetvarius,Local
CSV24,eudoloregestas,Local
CSV25,Maurisvestibulum,Local
CSV26,elit,Local
CSV27,accumsansed,Local
CSV28,erosProinultrices,Local
CSV29,lobortisultricesVivamus,Local
CSV30,tempor,Local
CSV31,Cras,Local
CSV32,ullamcorpereueuismod,Local
CSV33,massarutrum,Local
CSV34,aliquetmetusurna,Local
CSV35,faucibusorciluctus,Local
CSV36,turpisvitae,Local
CSV37,orci,Local
CSV38,Donecnibhenim,Local
CSV39,sit,Local
CSV40,nuncnullavulputate,Local
CSV41,arcu,Local
CSV42,indolor,Local
CSV43,nostraper,Local
CSV44,Suspendissealiquet,Local
CSV45,Namacnulla,Local
CSV46,rutrumurna,Local
CSV47,fringillaest,Local
CSV48,nulla,Local
CSV49,dictumultricies,Local
CSV50,eleifendegestasSed,Local
CSV51,tellusid,Local
CSV52,dignissimtemporarcu,Local
CSV53,consequatenimdiam,Local
CSV54,ipsumsodalespurus,Local
CSV55,lacus,Local
CSV56,liberonecligula,Local
CSV57,feugiatplaceratvelit,Local
CSV58,Duiscursusdiam,Local
CSV59,ac,Local
CSV60,elementum,Local
CSV61,accumsansedfacilisis,Local
CSV62,pede,Local
CSV63,loremfringilla,Local
CSV64,neceuismod,Local
CSV65,Vivamus,Local
CSV66,aliquetProinvelit,Local
CSV67,dolornonummy,Local
CSV68,ametconsectetueradipiscing,Local
CSV69,elementum,Local
CSV70,idsoftware,Local
CSV71,odiosempercursus,Local
CSV72,aliquetdiamSed,Local
CSV73,nisiaodio,Local
CSV74,sitamet,Local
CSV75,afito,Local
CSV76,metusfacilisislorem,Local
CSV77,Craspellentesque,Local
CSV78,inaliquetlobortis,Local
CSV79,elementum,Local
CSV80,acmattis,Local
CSV81,porta,Local
CSV82,orci,Local
CSV83,Duissit,Local
CSV84,lacus,Local
CSV85,amalesuadaid,Local
CSV86,magnaPraesent,Local
CSV87,egetvenenatis,Local
CSV88,Donec,Local
CSV89,faucibuslectus,Local
CSV90,enimnectempus,Local
CSV91,dolordapibusgravida,Local
CSV92,Donecporttitor,Local
CSV93,eleifendnondapibus,Local
CSV94,enim,Local
CSV95,necligulaconsectetuer,Local
CSV96,consequatdolor,Local
CSV97,sagittis,Local
CSV98,Loremipsumdolor,Local
CSV99,urna,Local
CSV100,maurisrhoncus,Local
