id,company,location,name
CSV1,Dolor Limited,Castelvetere in Val Fortore,Maggy X. Townsend
CSV2,Semper Egestas LLP,Baasrode,Ethan X. Hawkins
CSV3,Aliquet Corporation,Overland Park,Kylee B. Mccoy
CSV4,Gravida Company,Burlington,Hammett H. Goodman
CSV5,Habitant Morbi Corporation,Nogales,Neville J. Macdonald
CSV6,Suspendisse Non Leo Institute,San Fabián,Jacqueline N. Mcfarland
CSV7,Mauris Non Dui Associates,Eastbourne,Stephen P. Hendricks
CSV8,Cum Foundation,Rio Verde,Denton M. James
CSV9,Sit LLP,Macquenoise,Connor V. Arnold
CSV10,Euismod Corp.,Machynlleth,Trevor Y. Douglas
CSV11,Vel Turpis LLC,Strasbourg,Lana R. Craft
CSV12,Arcu Associates,Torgiano,Jin N. Lindsey
CSV13,Tincidunt Nibh Ltd,Zandhoven,Charles P. Mcpherson
CSV14,Lorem Company,Vitacura,Wesley J. Hinton
CSV15,Aliquam Inc.,Lloydminster,Lyle G. Ford
CSV16,Consequat LLC,Cressa,Quail S. Molina
CSV17,Pede Praesent Eu Institute,Palopo,Emma A. Wiley
CSV18,Mauris Ut Quam Foundation,Fort Wayne,Hashim K. George
CSV19,Ante Inc.,Ohain,Alyssa P. Whitaker
CSV20,Amet Faucibus Ut Consulting,Kotamobagu,Emma B. Boyle
CSV21,Aliquet Libero Integer Company,Portsoy,Anne I. Osborn
CSV22,Aliquam Nisl Industries,Autre-Eglise,Tyrone K. Thompson
CSV23,Pede Praesent Eu Corporation,Alma,Brielle H. Roth
CSV24,Bibendum LLP,Urbe,Caldwell L. Edwards
CSV25,Donec Incorporated,San Piero a Sieve,MacKensie I. Kerr
CSV26,Aliquam Consulting,Norman Wells,Merritt F. Myers
CSV27,Parturient Montes Industries,Patalillo,Danielle Q. Vaughan
CSV28,Vel Corporation,Molino dei Torti,Anika S. Lang
CSV29,Nec Euismod In LLC,Saint Paul,Kylie D. Hood
CSV30,Tincidunt Nunc Foundation,LaSalle,Sheila B. Owen
CSV31,Dictum PC,Vidisha,Slade B. Collins
CSV32,Enim Corporation,Bolshevo,Evangeline N. Casey
CSV33,Sed Nulla Limited,Enterprise,Zelenia Q. Wilson
CSV34,Aliquam LLP,Guirsch,Tallulah W. Rios
CSV35,Non Lorem Foundation,Houffalize,Prescott G. Best
CSV36,Dui Consulting,Essex,Charles U. Tran
CSV37,Vivamus Euismod Corporation,Horsham,Imogene U. Vargas
CSV38,Vitae Sodales Nisi Institute,Weelde,Chase P. Bender
CSV39,Vel Ltd,Meise,Josiah C. Shannon
CSV40,Fames Ac Turpis Foundation,Salisbury,Hunter Y. Malone
CSV41,Dictum Limited,Maple Ridge,Jocelyn M. Hess
CSV42,Morbi Non LLC,Saint-Dizier,Uriah T. Reid
CSV43,Ipsum Phasellus PC,Kolkata,Ignatius H. Blackwell
CSV44,Aliquam Corporation,Sigillo,John F. Boyd
CSV45,Conubia Associates,Veenendaal,Isabelle J. Weiss
CSV46,Iaculis Odio Nam Limited,Nieuwenrode,Kennan X. Cain
CSV47,Vitae Sodales Company,Surat,Cynthia G. Rivera
CSV48,Natoque Foundation,Kotli,Tanya L. Cabrera
CSV49,Tellus Associates,Gijzegem,Yoshi A. Delaney
CSV50,Enim Diam Vel LLP,Millet,Ginger G. Hutchinson
CSV51,Sapien Molestie Institute,Dolembreux,Jason P. Cotton
CSV52,Vivamus Rhoncus Consulting,Itanagar,Harding Z. Steele
CSV53,Eu Ltd,Hines Creek,Gareth H. Roach
CSV54,Euismod Urna Nullam Foundation,Gary,Mallory V. Hurst
CSV55,Dis Parturient Montes PC,Pitt Meadows,Hayley R. Whitaker
CSV56,Lorem Luctus Ut Incorporated,Gorzów Wielkopolski,Hedley W. Ferrell
CSV57,Egestas Company,Lang,Wyatt G. Robertson
CSV58,Eu Foundation,Cisano sul Neva,Noble E. Patterson
CSV59,Eu Turpis PC,Blind River,Yuli U. Allen
CSV60,Fermentum Risus At Foundation,Tourinne,Marvin V. Kinney
CSV61,Turpis Nulla Aliquet Incorporated,João Pessoa,Lareina V. Richardson
CSV62,Eu Odio Phasellus Corporation,Richmond,Nomlanga O. Burton
CSV63,Ipsum Corp.,Lutsel K'e,Joelle P. Bridges
CSV64,Fusce Industries,Visso,Kevyn C. Thomas
CSV65,Bibendum LLC,West Vancouver,Chester X. Guzman
CSV66,Auctor Incorporated,Quarona,Tara C. Sherman
CSV67,Egestas Lacinia Corp.,Santa Cesarea Terme,Vladimir X. Cameron
CSV68,Cubilia Company,Olympia,Raven U. Johnston
CSV69,Vitae Sodales Limited,Tapachula,Ainsley Y. Knight
CSV70,Euismod LLC,Pozo Almonte,Clayton Y. Aguirre
CSV71,Enim LLP,Gargazzone/Gargazon,Maya W. Wall
CSV72,Erat Incorporated,Savannah,Malcolm J. Woods
CSV73,Consectetuer Adipiscing Corp.,Tarnów,Idona T. Finch
CSV74,Eget Mollis PC,Acireale,Martin Q. Bonner
CSV75,Velit In Aliquet LLC,Cusco,Vance T. Snider
CSV76,Ligula Tortor PC,Jambi,Honorato Y. Sawyer
CSV77,Luctus Vulputate Corporation,Udaipur,Mason G. Lamb
CSV78,Lorem Ipsum Incorporated,Appleby,Chandler D. Sherman
CSV79,Nisl Associates,Bath,Shaeleigh Y. Craig
CSV80,Eu PC,San Pablo,Rajah H. Cantrell
CSV81,A Associates,Valera Fratta,Denton R. Valencia
CSV82,Mauris Vel Institute,Ulloa (Barrial),Lucy Z. Manning
CSV83,Quis Consulting,Cropalati,Murphy Z. Elliott
CSV84,Ullamcorper Ltd,Lisciano Niccone,James P. Leon
CSV85,Est Consulting,Guarapuava,Ivor N. Tucker
CSV86,Sodales Limited,Crystal Springs,Reese J. Blake
CSV87,A Arcu Sed Inc.,Berhampore,Lucian W. Moreno
CSV88,Odio A Purus Foundation,Cavaion Veronese,Rashad K. Duke
CSV89,Aliquet PC,Erquelinnes,Stella R. Leblanc
CSV90,Risus PC,Monceau-sur-Sambre,Halla W. Lancaster
CSV91,Ultrices Iaculis Industries,Pinto,MacKenzie R. Potter
CSV92,Ultricies Ornare Elit Consulting,Termoli,Virginia F. Hebert
CSV93,Neque Industries,Vänersborg,Naomi F. Mclaughlin
CSV94,Mauris Consulting,Kent,Thaddeus N. Pitts
CSV95,Eleifend Non Dapibus Industries,Glendon,Colby R. Lawson
CSV96,Dolor Inc.,Bandar Lampung,Mollie F. Moss
CSV97,In Consulting,Longano,Quamar F. Sears
CSV98,Leo Cras Vehicula Ltd,Oranienburg,Pandora X. Webster
CSV99,Fringilla Euismod Enim PC,Burgos,Kareem A. Flynn
CSV100,Eu Elit Nulla LLP,Minyar,Brenna H. Callahan
